,ne,nHm
0,1.2380663554918172e+16,136482849114015.1
1,1.2380663249248116e+16,136482826049597.69
