,ne,nHm
0,4.934588137308786e+16,1714309621276024.0
1,4.9345881033465496e+16,1714309609296571.5
