,nHp,nH2p,nH3p
0,1.1960773734132722e+16,58698059966344.04,2.5366503602703052e+16
1,1.1960774285940168e+16,58696734986797.945,2.536650309476557e+16
