,ne,nHm
0,6.580378378981704e+16,1459068329679295.2
1,6.580381006207652e+16,1459068526069067.5
