,nHp,nH2p,nH3p
0,2.917015950658648e+17,2977334627543082.0,3.957941463422521e+16
1,2.917016034655112e+17,2977329265468331.5,3.9579411026697464e+16
