,nHp,nH2p,nH3p
0,2.1264716319198444e+16,196964997603287.34,2.9598509677562148e+16
1,2.1264718153705276e+16,196963939898093.44,2.9598508549158696e+16
