,ne,nHm
0,3.165780141447606e+16,1972779869384325.8
1,3.1657801098499044e+16,1972779790849756.2
