,nHp,nH2p,nH3p
0,1.5209683116503876e+16,97920879564982.8,2.737345391355218e+16
1,1.5209684265149686e+16,97920172850406.28,2.7373453208334064e+16
