,nHp,nH2p,nH3p
0,1.9021393436066224e+17,1129355917731969.2,4.411458537991486e+16
1,1.9021395109342323e+17,1129354746385625.8,4.411458112432541e+16
