,ne,nHm
0,4.0841063671636584e+16,1839994237984456.8
1,4.084106345301772e+16,1839994193316438.0
