,ne,nHm
0,8.584827651917816e+16,1129323855253620.0
1,8.584827703661962e+16,1129323951164771.2
