,nHp,nH2p,nH3p
0,6.1737309670583624e+16,130650820990296.02,4.096053668291083e+16
1,6.173731435108086e+16,130650152486263.98,4.0960534869892936e+16
