,nHp,nH2p,nH3p
0,3.4157719246681204e+16,632477763513153.1,3.247265510930198e+16
1,3.4157762302015036e+16,632476627632663.0,3.247263965849788e+16
