,nHp,nH2p,nH3p
0,5.480654439119316e+16,1768956276688700.8,3.0402099706549908e+16
1,5.480654869931348e+16,1768954214847416.0,3.0402098073623492e+16
