,nHp,nH2p,nH3p
0,4399183984929808.5,592726631826152.8,1.0731056026166752e+16
1,4399189134996283.0,592725836869614.1,1.0731054074505024e+16
