,nHp,nH2p,nH3p
0,9942800981669152.0,39146306278289.9,2.3648633995912944e+16
1,9942801541236378.0,39145738244291.695,2.364863360986813e+16
