,nHp,nH2p,nH3p
0,5.052226569811608e+16,91268866898249.19,3.958237566574398e+16
1,5.052226906029479e+16,91267510838750.31,3.958237374033301e+16
