,nHp,nH2p,nH3p
0,3172944971835230.5,190541423987755.3,1.0571126547769206e+16
1,3172944707896203.5,190539398034448.4,1.0571126575237632e+16
