,ne,nHm
0,3.5467523803791052e+16,1918451593011066.2
1,3.5467522561993508e+16,1918451553699028.2
