,nHp,nH2p,nH3p
0,1.0676468612231477e+17,406049852679141.94,4.590543554143417e+16
1,1.0676480539794651e+17,406047659095385.1,4.590539678260298e+16
