,nHp,nH2p,nH3p
0,7.610177880023642e+16,213829090018560.66,4.412250534438539e+16
1,7.61018533015004e+16,213824400240922.62,4.4122475882496344e+16
