,nH,nH_2s,nH2_v0,nH2_v1,nH2_v2
0,2.9032630902457872e+19,1.5297361187985725e+17,6.227467242960279e+20,4.1935489426445916e+18,7.897770466152529e+17
1,2.9032704359442416e+19,1.5297364891837642e+17,6.227466862324912e+20,4.193550404249113e+18,7.897771044044338e+17
